{
    "materials": [{
        "colorAmbient": [0.145164,0.120991,0.64],
        "depthWrite": true,
        "blending": "NormalBlending",
        "DbgName": "Material",
        "depthTest": true,
        "colorEmissive": [0,0,0],
        "specularCoef": 16,
        "colorSpecular": [0.291176,0.5,0.074074],
        "shading": "phong",
        "wireframe": false,
        "colorDiffuse": [0.145164,0.120991,0.64],
        "opacity": 1,
        "DbgIndex": 0,
        "visible": true,
        "transparent": false,
        "DbgColor": 15658734
    },{
        "colorAmbient": [0.002094,0.64,0.012119],
        "depthWrite": true,
        "blending": "NormalBlending",
        "DbgName": "Material.001",
        "depthTest": true,
        "colorEmissive": [0,0,0],
        "specularCoef": 16,
        "colorSpecular": [0.252391,0.07593,0.5],
        "shading": "phong",
        "wireframe": false,
        "colorDiffuse": [0.002094,0.64,0.012119],
        "opacity": 1,
        "DbgIndex": 1,
        "visible": true,
        "transparent": false,
        "DbgColor": 15597568
    }],
    "metadata": {
        "materials": 2,
        "type": "Geometry",
        "version": 3,
        "uvs": 0,
        "vertices": 8,
        "normals": 8,
        "generator": "io_three",
        "faces": 6
    },
    "uvs": [],
    "name": "CubeGeometry.3",
    "faces": [35,0,1,2,3,0,0,1,2,3,35,4,7,6,5,0,4,5,6,7,35,0,4,5,1,0,0,4,7,1,35,1,5,6,2,0,1,7,6,2,35,2,6,7,3,0,2,6,5,3,35,4,0,3,7,1,4,0,3,5],
    "vertices": [7.14686,-7.14686,-7.14686,7.14686,-7.14686,7.14686,-7.14686,-7.14686,7.14686,-7.14686,-7.14686,-7.14686,7.14686,7.14686,-7.14686,7.14686,7.14686,7.14686,-7.14686,7.14686,7.14686,-7.14686,7.14686,-7.14686],
    "normals": [0.577349,-0.577349,-0.577349,0.577349,-0.577349,0.577349,-0.577349,-0.577349,0.577349,-0.577349,-0.577349,-0.577349,0.577349,0.577349,-0.577349,-0.577349,0.577349,-0.577349,-0.577349,0.577349,0.577349,0.577349,0.577349,0.577349]
}