{
    "materials": [{
        "depthWrite": true,
        "blending": "NormalBlending",
        "DbgName": "Material",
        "depthTest": true,
        "colorEmissive": [0,0,0],
        "specularCoef": 50,
        "colorSpecular": [0.223877,0.179311,0.5],
        "shading": "phong",
        "wireframe": false,
        "colorDiffuse": [0.145164,0.120991,0.64],
        "opacity": 1,
        "DbgIndex": 0,
        "visible": true,
        "transparent": false,
        "DbgColor": 15658734
    }],
    "metadata": {
        "materials": 1,
        "type": "Geometry",
        "version": 3,
        "uvs": 0,
        "vertices": 8,
        "normals": 8,
        "generator": "io_three",
        "faces": 6
    },
    "uvs": [],
    "name": "CubeGeometry.2",
    "faces": [35,0,1,2,3,0,0,1,2,3,35,4,7,6,5,0,4,5,6,7,35,0,4,5,1,0,0,4,7,1,35,1,5,6,2,0,1,7,6,2,35,2,6,7,3,0,2,6,5,3,35,4,0,3,7,0,4,0,3,5],
    "vertices": [3.76799,-3.76799,-3.76799,3.76799,-3.76799,3.76799,-3.76799,-3.76799,3.76799,-3.76799,-3.76799,-3.76799,3.76799,3.76799,-3.76799,3.76799,3.76799,3.76799,-3.76799,3.76799,3.76799,-3.76799,3.76799,-3.76799],
    "normals": [0.577349,-0.577349,-0.577349,0.577349,-0.577349,0.577349,-0.577349,-0.577349,0.577349,-0.577349,-0.577349,-0.577349,0.577349,0.577349,-0.577349,-0.577349,0.577349,-0.577349,-0.577349,0.577349,0.577349,0.577349,0.577349,0.577349]
}
