{
    "materials": [{
        "colorAmbient": [1,0.007874,0.007874],
        "depthWrite": true,
        "blending": "NormalBlending",
        "DbgName": "Mat.012",
        "depthTest": true,
        "colorEmissive": [0,0,0],
        "specularCoef": 50,
        "colorSpecular": [0.1,0.1,0.1],
        "shading": "phong",
        "wireframe": false,
        "colorDiffuse": [1,0.007874,0.007874],
        "opacity": 1,
        "DbgIndex": 0,
        "visible": true,
        "transparent": false,
        "DbgColor": 15658734
    }],
    "metadata": {
        "materials": 1,
        "type": "Geometry",
        "version": 3,
        "uvs": 1,
        "vertices": 8,
        "normals": 8,
        "generator": "io_three",
        "faces": 6
    },
    "uvs": [[1,0,1,1,0,1,0,0]],
    "name": "ID16Geometry",
    "faces": [43,1,0,2,3,0,2,3,0,1,0,1,2,3,43,4,5,3,2,0,0,1,2,3,4,5,3,2,43,6,7,5,4,0,0,1,2,3,6,7,5,4,43,0,1,7,6,0,0,1,2,3,1,0,7,6,43,3,5,7,1,0,0,1,2,3,3,5,7,0,43,0,6,4,2,0,2,3,0,1,1,6,4,2],
    "vertices": [-0.5,-0.5,0.5,-0.5,0.5,0.5,0.5,-0.5,0.5,0.5,0.5,0.5,0.5,-0.5,-0.5,0.5,0.5,-0.5,-0.5,-0.5,-0.5,-0.5,0.5,-0.5],
    "normals": [-0.577349,0.577349,0.577349,-0.577349,-0.577349,0.577349,0.577349,-0.577349,0.577349,0.577349,0.577349,0.577349,0.577349,-0.577349,-0.577349,0.577349,0.577349,-0.577349,-0.577349,-0.577349,-0.577349,-0.577349,0.577349,-0.577349]
}